ytid,source_captions,new0,new1,new2,new3,new4
-0SdAVK79lg.wav,guitar  piano  and simple percussion,"A harmonious blend of guitar, piano, and gentle percussion creates a tranquil atmosphere.","The guitar, piano, and percussion unite in a symphony of soothing melodies.","A beautiful fusion of guitar, piano, and percussion, creating a serene soundscape.","Guitar, piano, and percussion intertwine in a calm and peaceful rhythm.","A delightful mix of guitar, piano, and soft percussion evokes a sense of calm."
-3Kv4fdm7Uk.wav,steeldrum,"Sure, here are five enriched descriptions of a steel drum piece:

A lively steel drum tune that transports you to the Caribbean.",A soothing steel drum melody that calms your soul.,"Steel drum rhythms pulsate with tropical joy, igniting your spirit.",The steel drum's resonant notes echo with vibrant energy.,"Steel drum harmonies create a sunny, carefree ambiance."
-4SYC2YgzL8.wav,ambient acoustic guitar music,1. Gentle acoustic guitar chords filling the air with serenity and calmness. ," Soft, ambient guitar strumming that soothes the soul. "," Acoustic guitar melodies evoking a peaceful, natural landscape. "," The gentle plucking of acoustic strings, creating a tranquil atmosphere. ", Ambient guitar sounds that gently drift like a breeze.
-5xOcMJpTUk.wav,guitar tutorial with energetic technique,"A guitar tutorial with energetic technique:   
1. A vibrant guitar tutorial packed with electrifying techniques. ","  
2. High-energy guitar techniques to elevate your playing. ","  
3. Master intense guitar techniques with this dynamic tutorial. ","  
4. Energetic guitar lessons for a thrilling musical journey. ","  
5. Dive into powerful guitar techniques with this exciting tutorial."
-88me9bBzrk.wav,tablas  bansuri flute and shrutibox,"The enchanting blend of tablas, bansuri flute, and shrutibox creates an ethereal soundscape.","A soulful symphony of tablas, bansuri flute, and shrutibox transcends earthly realms.","The rhythmic tablas, lyrical bansuri flute, and resonant shrutibox harmonize like a celestial dream.","Tablas' heartbeat, bansuri's whispers, and shrutibox's hum form an otherworldly musical trance.","Mystical melodies emerge as the tablas, bansuri flute, and shrutibox unite in divine harmony."
-ByoSbgzr4M.wav,amplified  rapid-tempo electric guitar,"An electrifying, quick-tempo electric guitar sparks the stage with raw power and excitement.","A dynamic, high-speed electric guitar performance that leaves the crowd breathless.",Amplified rapid-tempo electric guitar shreds through the air with piercing precision.,"The rapid tempo of the amplified electric guitar pulses with fierce, unstoppable energy.","Frenzied electric guitar riffs, amplified to perfection, unleash chaos and exhilaration."
-DeAdhYKbGE.wav,bagpipe ensemble ,,,,,
-Dtir74TiUM.wav,drum bass  synth and electronic drums,The driving beat of drum and bass paired with futuristic synths.,Deep basslines and crisp electronic drums create an energetic vibe.,"A powerful combination of drum bass and synths, perfect for the dance floor.",Synth melodies intertwine with pulsating electronic drums and bass.,"Dynamic and rhythmic, the electronic drums elevate the intense synth and bass lines."
-FEPOSP7ay0.wav,loud bell ,"1. A loud bell tolls, resonating with authority across the quiet town.","
2. The sharp clang of a loud bell shatters the morning silence.","
3. The loud bell rings urgently, summoning everyone to attention.","
4. A grand, loud bell echoes through the cathedral, marking a sacred moment.","
5. With each reverberating strike, the loud bell sends a powerful message."
-FlvaZQOr2I.wav,drums  strings  and horns,"1. A dynamic blend of drums, strings, and horns that captivates the soul. "," A powerful ensemble of drums, strings, and horns. "," The drums, strings, and horns create an epic symphony. "," A harmonious mix of drums, strings, and horns. "," Drums, strings, and horns merge in a breathtaking performance."
-O9mnfC61Ac.wav, fiddle  acoustic and electric guitars,"The fiddle dances over acoustic and electric guitar, creating a mesmerizing harmony.",Fiery fiddle meets the gentle strum of acoustic and electric guitars in a captivating fusion.,An enchanting fiddle intertwines with the dynamic pulse of acoustic and electric guitars.,The fiddle's lively notes blend beautifully with the rich tones of acoustic and electric guitars.,"A symphony of fiddle and guitars, blending rustic charm with modern flair."
-OAyRsvFGgc.wav,electric guitar solo and punchy percussion,"1. An electric guitar solo bursts through with raw energy, backed by punchy percussion.","
2. The electric guitar wails passionately, perfectly synced with the powerful beat of sharp percussion.","
3. Dynamic electric guitar notes clash with the rhythmic pulse of punchy drums, creating a sonic explosion."," 
4. A riveting electric guitar solo dances alongside fierce, driving percussion.","
5. Electric guitar riffs soar, propelled by the relentless beat of punchy percussion."
-XN0NtrnfMY.wav,rock instrumental,A rock instrumental that energizes with powerful riffs and driving beats.,An electrifying rock instrumental with pounding drums and soaring guitars.,Raw energy emanates from every note of this rock instrumental.,"A heart-pounding rock instrumental, intense and invigorating.","A dynamic rock instrumental, full of relentless rhythm and fierce guitar."
-_OzT7Xyvok.wav,two nylon-string guitars,Two nylon-string guitars creating a serene and melodic dance.,Gentle nylon-string duets weave an intricate tapestry of sound.,"Two guitars harmonize, producing a soothing, timeless melody.","Nylon strings sing together in a delicate, tranquil harmony.","Twin guitars pluck a peaceful, elegant symphony."
-cLzki-B06o.wav,baglama  zurna  and electronic drums,"1. A mesmerizing blend of traditional baglama and zurna, lifted by pulsating electronic drums.
","
2. Baglama strings dance with zurna’s melodies, all anchored by the energetic beat of electronic drums.
","
3. Hypnotic baglama notes paired with zurna’s piercing tunes, intensified by driving electronic drum rhythms.
","
4. A fusion of baglama's earthy twang, zurna's sharp cries, and the relentless pace of electronic drums.
","
5. The ancient sounds of baglama and zurna meet the futuristic beats of electronic drums."
-f6s6kQEHFY.wav,piano and synth,1. A melodic blend of piano and synth creating an ethereal soundscape. , Dreamy piano and synth duet with ambient vibes. , Rhythmic piano notes intertwined with futuristic synth. ," An enchanting harmony of piano and synth, like stars dancing. ", Uplifting piano chords with a sparkling synth backdrop.
-hYRFCQdbLg.wav,marimba,A lively marimba melody that echoes through the jungle.,The marimba's playful rhythm invites you to dance with joy.,Warm marimba tones weave an intricate and vibrant tapestry of sound.,A serene marimba tune that feels like a gentle summer breeze.,"The marimba's rich, resonant notes pulse with earthy rhythm."
-i9gpG3vPwA.wav,amplified piano,A powerful amplified piano filling the room with resonant sound.,A hauntingly amplified piano echoing in a vast hall.,"Amplified piano notes, sharp and electrifying, cut through the silence.",An amplified piano's vibrant chords resonate with energy.,The amplified piano creates an overwhelming wave of musical emotion.
-kpR93atgd8.wav,Saxophone and electronic guitar,,,,,
-lPXTBXa0tE.wav,guitar,A gentle guitar strumming offers a calming refuge for weary souls.,A flamenco guitar dances with fiery passion and rhythm.,"The guitar's intricate fingerpicking weaves an enchanting, melodic tapestry.","A soulful acoustic guitar melody tugs at heartstrings, evoking deep nostalgia.","An exhilarating rock guitar riffs electrify the atmosphere, igniting adrenaline."
-taO6N-rxv4.wav,electric guitar  acoustic drums,"1. A dynamic blend of electric guitar and acoustic drums, creating a rhythmic dance of sound. "," Raw electric guitar riffs intertwined with crisp, powerful drum beats. "," Electric guitar and acoustic drums harmonize, evoking energy and emotion. ", The electric guitar's electrifying chords meet the drum's natural resonance. ," Pulsating electric guitar with organic, resonant drum patterns."
-wVWjl9Kq6U.wav,an electric guitar and a brass band,An electric guitar harmonizing with a brass band's vibrant energy.,A soulful electric guitar blending with the brass band's powerful notes.,The electric guitar's riffs dance with the brass band's majestic sound.,"An electric guitar leading a dynamic charge, backed by a brass band's resonance.","The electric guitar and brass band create a rich, layered symphony."
0-7PyzhzuYQ.wav,banjo  mandolin  and acoustic guitar,"A folk trio with banjo, mandolin, and acoustic guitar, weaving intricate melodies.","A lively jam session with banjo, mandolin, and guitar harmonizing beautifully.","The rustic charm of banjo, mandolin, and acoustic guitar creates a cozy atmosphere.","Energetic plucking and strumming of banjo, mandolin, and guitar fills the air.","Banjo, mandolin, and guitar blend seamlessly, evoking a sense of nostalgia."
02Qntw26enM.wav,theremin and acoustic piano,"The theremin's eerie wail entwines with the piano's warm notes, creating a haunting harmony.","The ghostly theremin dances with the piano's serene melody, casting an enchanting spell.","A theremin's otherworldly tones flow with the acoustic piano's soft chords, merging the unreal and the real.",The theremin's ethereal whispers contrast beautifully with the piano's earthy resonance.,"A strange duet: theremin's spectral sounds meet the acoustic piano's rich, heartfelt expressions."
03frQGyrgQ4.wav,guitar,"Sure! Here are the enriched descriptions of the piece of music:

A soulful guitar solo that captures the heart.",An energetic guitar solo filled with fiery passion.,The guitar solo sings a tale of sorrow and joy.,An intricate guitar solo that dances with finesse.,A powerful guitar solo that echoes through the night.
04NjXsLyCl4.wav,electronic guitar and digital drums,The electric guitar's riffs and digital drums' beats create an electrifying symphony.,A mesmerizing blend of electric guitar licks with pulsating digital drum patterns.,"Electric guitar solos dance over the relentless, rhythmic power of digital drums.",High-energy electric guitar and digital drum fusion ignite a fiery musical experience.,"The electric guitar weaves a sonic tapestry, anchored by the digital drums' relentless drive."
07-3grCQ8EU.wav,Fiddle and Mandolin,A lively fiddle and mandolin duet fills the air with folk charm.,"A soulful interplay between fiddle and mandolin, evoking rustic landscapes.","The fiddle and mandolin dance in perfect harmony, creating an upbeat melody.",Energetic fiddle and mandolin tunes spark joy and movement.,A fiddle and mandolin duet that captures the essence of traditional folk music.
07FxCXxknY4.wav,guitar,The guitar's melodies resemble stories told under a starry night sky.,A heart-pounding guitar riff that electrifies the atmosphere.,Acoustic guitar's gentle strumming feels like a warm embrace.,The soulful guitar chords evoke nostalgia for forgotten memories.,Electric guitar's fierce energy ignites the stage with passion.
07xGXxIHOL4.wav,piano  saxophone  and groovy bass,A piano elegantly dances with the sultry and smooth saxophone over a groovy bass foundation.,"The piano sparkles while the soulful saxophone glides over a deep, resonant bass groove.",A vibrant piano and soulful saxophone weave a colorful tapestry over an infectious groovy bass.,The delicate piano keys and velvety sax notes sway to the pulse of a groovy bassline.,"An enchanting piano and seductive saxophone float atop a captivating, rhythmic bass groove."
08mf5GxT820.wav,digital drums and synth sounds,1. Pulsating digital drums combined with hypnotic synth sounds for a futuristic vibe. ," 
2. Energetic digital drumbeats paired with cosmic synth melodies. "," 
3. Vibrant digital drumming and synth sounds create an electrifying dance atmosphere. "," 
4. Syncopated digital drums with ethereal synth tones, transporting you to another world. "," 
5. Crisp digital drum patterns blend seamlessly with shimmering synth waves."
0AGHo8V8HpM.wav,cello and harpsichord,A cello and harpsichord duet that evokes a timeless elegance.,The cello's deep tones and harpsichord's bright keys create a magical harmony.,A baroque tapestry woven by the cello and harpsichord.,A soulful cello converses with a playful harpsichord.,The cello and harpsichord blend in a dance of contrasts and unity.
0BFauf6TGGU.wav,bansuri  harmonium  and manjira,"The bansuri serenades, harmonium drones, and manjira chimes create an enchanting atmosphere.","The soulful bansuri's melodies, harmonium's warm hum, and manjira's rhythmic sparkle meld beautifully.","An ethereal trio: bansuri whispers, harmonium sings, and manjira dances.","The bansuri's breathy notes, harmonium’s resonant chords, and manjira’s crisp accents form a musical tapestry.","Traditional Indian soundscape: bansuri's lilting tune, harmonium's steady cadence, and manjira's bright rhythm."
0LLlcPiatiU.wav,slick drumming rhythm and groovy bass line,A vibrant drumming rhythm paired with a bass line that gets your feet moving.,A sleek drumming groove intertwined with a bass line full of swagger.,The drumming rhythm pulsates as the groovy bass line weaves through your soul.,Crisp drumbeats and a funky bass line that command you to dance.,A slick rhythmic drumming and a groovy bass line create an irresistible groove.
0NZY0GHQBP0.wav,violin and keyboard solos,1  The violin serenades while the keyboard dances in harmony.,Melancholic violin and playful keyboard craft a soulful duet.,The violin’s graceful tune waltzes with the keyboard’s bright notes.,Violin and keyboard weave a rich tapestry of sound.,"A haunting violin meets a lively keyboard, creating an emotional dialogue."
0RDz0rLakwc.wav,synthesizer and digital drums,"1. A hypnotic blend of synthesizer melodies and digital drum beats, immersing you in a futuristic soundscape.","
2. Pulsating digital drums drive the rhythm as ethereal synthesizer tones weave an enchanting auditory tapestry.","
3. Synthesizer swirls with vibrant colors, while digital drums keep a heartbeat of electrifying energy.","
4. The synthesizer's haunting harmonies and relentless digital drum grooves create a sonic adventure.","
5. Cutting-edge synthesizer riffs harmonize with the crisp precision of digital drum patterns, perfect for the dance floor."
0S5zWt91Bwo.wav,acoustic guitars  mandolin  and upright bass,,,,,
0SnjS2w_c80.wav,vocoder  keyboard  and acoustic drums,"Sure, here are five enriched versions:

1. A futuristic blend of vocoder keyboard and acoustic drums creates an ethereal soundscape. "," The vocoder keyboard syncs perfectly with acoustic drums for a unique, rhythmic journey. "," Vocoder keyboard and acoustic drums produce a mesmerizing, otherworldly harmony. "," The fusion of vocoder keyboard and acoustic drums crafts a vibrant, dynamic beat. "," Vocoder keyboard and acoustic drums generate an enchanting, rhythmic symphony."
0Wdh45yt7tY.wav,accordion  flute  and guitar,"1. An enchanting trio of accordion, flute, and guitar creating a magical soundscape.","The accordion, flute, and guitar weave a mesmerizing musical tapestry.","A lively blend of accordion, flute, and guitar filling the air with joy.","Accordion, flute, and guitar harmonize in a beautiful, rhythmic dance.","A captivating fusion of accordion, flute, and guitar serenades your soul."
0ZNFJz-eZTU.wav,passionate saxophone and mellow piano chords,"A passionate saxophone soars over mellow piano chords, creating a romantic atmosphere.","The saxophone's fiery passion entwines with gentle, soothing piano chords.","Sultry saxophone notes dance with mellow piano chords, sparking a delicate intimacy.","The saxophone's fervent melodies are cradled by warm, tender piano chords.","Passionate saxophone lines glide over serene, tranquil piano chords, evoking deep emotion."
0c1YU_VtFRE.wav,acoustic piano,,,,,
0ewWspUqB6Y.wav,Cimbalom  Contrabass  Violin  and Accordion,"A symphony of cimbalom, contrabass, violin, and accordion fusing in harmonious brilliance.","The cimbalom sets a magical tone as contrabass, violin, and accordion weave intricate melodies.","A rich tapestry of cimbalom, contrabass, violin, and accordion dances through the air.","The rugged contrabass, nimble violin, and vibrant accordion are anchored by the cimbalom's resonant hum.","An enchanting blend of cimbalom, contrabass, violin, and accordion that transports you to a distant patisserie."
0hfU27A6tus.wav,banjo  mandolin  and irish bouzouki guitar,"A lively symphony of banjo, mandolin, and Irish bouzouki guitar sets the scene for a joyful celebration.","Strings intertwine from banjo, mandolin, and bouzouki guitar, crafting a playful Celtic tapestry.","The banjo's bright pluck, mandolin's rapid strum, and bouzouki's rich chords weave a magical mood.","Energetic and melodious, the banjo, mandolin, and bouzouki guitar transport you to an Irish countryside.","An exuberant trio of banjo, mandolin, and Irish bouzouki guitar brings folk melodies to life."
0nk7utNkHOY.wav,violins  viola  and cello,"Sure, here are five enriched and vivid descriptions for a piece of music involving violins, viola, and cello:

A symphony of strings weaving a tapestry of emotions. "," The rich harmony of violins, viola, and cello fills the air. "," An enchanting dialogue between violins, viola, and cello. ", Strings create a mesmerizing dance of melody and harmony. , The cello's depth grounds the soaring violins and viola.
0rNr_qnoPQ4.wav,mellow piano chords and shimmering percussion,,,,,
0sPVAP17w2U.wav,bells  chimes,"1. Soft bells chime, whispering secrets of an enchanted forest. ", Radiant bell chimes echoing through a mystical cathedral. , Joyful bells chime in a harmonious dance of sound. , Crisp bell chimes paint a serene and peaceful morning. , Echoing bell chimes fill the air with nostalgia.
0trWdhSvab4.wav,piano and guitar accompaniment,"A harmonious blend of piano and guitar, creating a tranquil atmosphere.",Elegant piano notes complement the gentle strumming of a guitar.,A lively piano melody dances with the guitar’s warm tones.,The piano’s graceful chords and guitar’s mellow strums create a soothing duet.,"A soulful combination of piano and guitar, evoking deep emotions."
0u4gY1bBUwQ.wav,tenor sax  piano  and emphatic drumming,"A soulful tenor sax, harmonious piano, and vibrant drumming create a mesmerizing symphony.",Smooth tenor sax melodies with elegant piano and punchy drums in perfect balance.,"The tenor sax serenades, piano echoes, while drums drive the exhilarating rhythm.",Energetic drumming underscores the tenor sax and piano's enchanting dance.,"Tenor sax, piano, and emphatic drumming, a powerful trio weaving an intricate musical tapestry."
0zolXzR9Oi4.wav,medieval-sounding harpsichord,"A medieval-sounding harpsichord piece, evoking ancient castles and courtly dances.","A harpsichord tune with a medieval flair, transporting you to a bygone era.",The harpsichord's medieval notes conjure images of knights and fair maidens.,An enchanting harpsichord melody with a distinctly medieval sound.,The harpsichord echoes with the charm of medieval times.
1-Y9kafYuqQ.wav,energetic 808 bass,1. A pulsating 808 bass that electrifies the dance floor.,An energetic 808 bass groove that keeps the party alive.,The 808 bass hits with an intensity that shakes the room.,Dynamic 808 bass lines that drive the rhythm forward.,Explosive 808 bass drops that make your heart race.
10dur7jhFQM.wav,programmed percussion,A rhythmic programmed percussion beat that pulses with electronic energy.,Dynamic programmed percussion driving the dance floor groove.,"Intricate programmed percussion, echoing through the night with a futuristic vibe.","Programmed percussion that mimics heartbeats, creating an immersive sonic experience.",Energetic programmed percussion that electrifies every moment.
11FeId69WOk.wav,acoustic guitar and electric guitar lead,,,,,
11fNNN95_og.wav,keyboard  synth brass  and synth strings,"1. Energetic keyboard synth brass with soaring synth strings, creating an electrifying atmosphere.","
2. Bold synth brass and shimmering synth strings from the keyboard, invoking grandeur.","
3. Keyboard-driven synth brass blasts and lush synth strings, blending power and elegance.","
4. Dynamic synth brass with ethereal synth strings from the keyboard, radiating intensity.","
5. Vibrant keyboard synth brass paired with majestic synth strings, creating a dramatic soundscape."
15Mw2jyyHk0.wav, guitar music with energetic rhythmic patterns,"A vibrant guitar piece, pulsing with dynamic rhythms and energetic beats.","Guitar music that bursts with lively, rhythmic energy and drive.",Electric guitar patterns that spark with rhythmic vitality and enthusiasm.,The guitar's energetic rhythms will get your heart racing and your feet moving.,High-octane guitar music with rhythmic patterns that energize the soul.
1BVSYfNCcv0.wav,acoustic and electric guitars  bass  and drums,Jangly acoustic guitars and edgy electrics intertwine with rhythmic bass and pounding drums.,The fusion of acoustic and electric guitars with thumping bass and dynamic drums electrifies the atmosphere.,"Acoustic melodies meet electric riffs, driven by a deep bass groove and robust drum beats.","Soulful acoustic strums blend with roaring electric guitars, anchored by hearty basslines and thunderous drums.","Harmonizing acoustics and electrics, the bass pulses and the drums drive a relentless rhythm."
1Ccis4FDGwY.wav,noisy electric guitar,"1. An electrifying guitar solo, buzzing with raw energy and power. "," A chaotic, yet exhilarating, electric guitar riff. ", Thunderous guitar notes tearing through the silence. ," An intense, distortion-filled electric guitar spectacle. "," Frenzied guitar sounds creating a vibrant, noisy ambiance."
1FnA3w94zXI.wav, distorted electric guitar solo,A distorted electric guitar solo shreds through the air with fierce intensity.,"A wild, distorted guitar solo that electrifies your senses.",Mind-bending distorted guitar notes that take you on a chaotic journey.,"A raw distorted guitar solo; pure, unfiltered, and powerful.",Feel the surge of adrenaline from the distorted electric guitar wail.
1FnT0RrfMEA.wav,violin and piano Music,1. A violin and piano duet that dances through your soul with elegance and grace. ," A heartwarming violin and piano piece, evoking timeless romance. "," A lively, intricate violin and piano interplay that lifts your spirits. "," The violin and piano create a serene, enchanting melody. "," An evocative, emotional violin and piano collaboration that tugs at the heartstrings."
1Q9DXhXMSFI.wav,acoustic guitar  groovy bass  and funky piano,"Acoustic guitar groovy bass and funky piano:

1. An acoustic guitar strums smoothly, complemented by a groovy bass and funky piano riffs.","
2. Acoustic guitar harmonizes with a groovy bassline and funky, lively piano melodies.","
3. The acoustic guitar’s warmth meets a groovy bass and playful, funky piano tunes.","
4. Acoustic guitar chords blend with a groovy bass and a funky piano beat, creating magic.","
5. A vibrant mix of acoustic guitar, groovy bass rhythms, and funky piano highlights."
1QSD-dzEv7Y.wav,bansuri flute and piano music,The fusion of a bansuri flute's mellow tones and a piano's gentle chords paints a serene landscape.,"A bansuri flute dances delicately with a piano’s harmonious whispers, evoking tranquility.","Piano’s rhythmic elegance meets the bansuri flute's soulful breath, creating a symphony of calm.","A bansuri flute spirals melodiously around the piano’s graceful arpeggios, blending East and West.","The bansuri’s ethereal melodies entwine with the piano’s rich harmonies, a duet of pure enchantment."
1RhYdQnZ_hw.wav,acoustic guitar and simple drum track,"1. An acoustic guitar and drum track, perfect for a relaxing evening by the fire. ", A light-hearted acoustic guitar with a steady drum beat. ," Acoustic strumming with rhythmic drum beats, evoking a carefree summer day. ", Simple yet enchanting acoustic guitar and drum duet. , A mellow acoustic guitar complemented by a gentle drum rhythm.
1SO5RJLWKAs.wav,clean electric guitar,"1. A crisp electric guitar melody, clear and resonant, filling the room with harmony. "," A clean, shimmering electric guitar sound, each note perfectly articulated. ", Pure electric guitar tones that sing with clarity and precision. ," The electric guitar's clean notes dance in the air, bright and pristine. "," A smooth, clean electric guitar riff that flows like a gentle stream."
1WlvXneu6oY.wav,poignant  melancholic piano solo music,"The piano's melancholic strains evoke deep, unspoken sorrow.",A soul-stirring piano solo filled with wistful melancholy.,Hauntingly beautiful piano notes seep into every corner of the heart.,"Serene, melancholic piano melodies drifting into the twilight.","A delicate piano solo, each note a tear in the night."
1ZaxqZMs21M.wav,electric guitar  drums  bass  and keyboards,"An electric guitar wails, drums thundering, bass throbbing, and keys dancing in harmony.","Electric guitars roaring, drums crashing, bass pulsating, and keyboards shimmering in a neon haze.","An electrifying combo of guitar riffs, drum beats, bass grooves, and airy keyboard melodies.","Electric guitar fire, rhythmic drum beats, bass pulses, and keyboard magic creates an explosive sonic journey.","A symphony of electric guitar screams, drum rolls, bass heartbeats, and keyboard dreams."
1_YHHL_t2GI.wav,electric guitar and groovy bass,"1. An electric guitar riff meets a groovy bassline, lifting your spirits skyward.
"," A dynamic electric guitar solos over a bassline that will make you move.
"," Electric guitar chords mesh beautifully with a funky, irresistible bass groove.
"," The electric guitar screams passion over a bassline that just won't quit.
", A powerful electric guitar meets a bassline that feels like a heartbeat.
1j4rFfU5XKQ.wav,cuatro guitars and trumpets,"Sure, here are five enriched and vivid descriptions for ""cuatro guitars and trumpets"":

A lively mix of cuatro guitars and trumpets brings the fiesta alive. ", Cuatro guitars dance with vibrant trumpet melodies. , Harmonious cuatro guitars and trumpets paint a festive atmosphere. , The rich sound of cuatro guitars and trumpets fills the air with joy. , Rhythmic cuatro guitars and bright trumpets create a spirited celebration.
1jATjKL2vAE.wav,energetic acoustic guitar music,"Sure, here are five enriched versions of the description for ""energetic acoustic guitar music"":

A lively acoustic guitar rhythm that gets your feet tapping.",Upbeat acoustic strumming that fills the air with joy.,"Acoustic guitar bursts with vibrant, energetic chords.",Fast-paced acoustic strings bringing excitement and energy.,"Acoustic guitar playing with an infectious, dynamic groove."
1lgqqW5TsJk.wav, digital drums and synthesizer melodies ,,,,,
23xC7lTBikU.wav,raw native didgeridoo instrumental,,,,,
244y56-vLWE.wav,saxophone  bass guitar  and strong drumming,A sensual saxophone with a groovy bass guitar and pulsating drumbeats.,"Lively sax, deep bass, and hard-hitting drums create an unforgettable rhythm.","A romantic saxophone melody, throbbing bass guitar, and energetic drumming.",Smooth sax tunes intertwine with robust bass lines and powerful drums.,The saxophone wails over a rich bass groove and thunderous drumming.
2G5bSYHcJSM.wav,filter modulated bass and punchy kick,A thunderous kick alongside a bassline that ripples with filter-modulated layers.,A punchy kick drum with a bassline modulated like a cosmic wave.,"A pulsating, filter-rich bass accompanies an explosive kick, driving the rhythm forward.","Syncopated kicks punctuate a deeply modulated bass, creating a mesmerizing groove.","The kick punches through, accentuated by a swirling, modulated filter bassline."
2IpapScfsT4.wav,classical piano and French horn music,,,,,
2KwSyaLT_mw.wav,electronic guitar music,An electrifying electronic guitar melody intertwined with pulsating rhythms.,A techno-infused guitar riff that transforms and uplifts.,The electronic guitar's digital echoes create a sonic landscape.,A fusion of electronic beats and sizzling guitar chords.,Hypnotic electronic guitar vibes with futuristic energy.
2U8Dvh7nwFI.wav,banjo  electric guitar  and electronic drums,"1. A lively banjo, electrifying guitar, and pulsating electronic drums create a unique soundscape. ","
2. The banjo's twang, the guitar's power, and the drums' beat blend into an energetic mix. ","
3. Experience the fusion of a rustic banjo, roaring electric guitar, and rhythmic electronic drums. ","
4. The dynamic trio: banjo's charm, guitar's edge, and drums' driving beats. ","
5. A captivating medley of banjo plucks, guitar riffs, and electronic drum beats."
2Ui85-AOLyo.wav,electric guitar and deck scratching.,1. An electric guitar wailing alongside energetic deck scratching beats.,"
2. Rhythmic deck scratching complements the electric guitar's fierce riffs.","
3. Electric guitar harmonizing with the raw edge of deck scratching.","
4. Deck scratching syncs perfectly with the electric guitar's electrifying solos.","
5. Electric guitar's wild riffs blend seamlessly with dynamic deck scratching."
2ZB7DUGOdZw.wav,distorted guitar rhythm and noisy ambience,"A distorted guitar rhythm penetrates through a storm of chaotic noise, creating a wild soundscape.",Rumbling distorted guitar meets a cacophony of noise in an electrifying sonic clash.,"Raw distorted guitar rhythms intertwine with a tumultuous sea of noise, forming an edgy ambience.","A harsh, distorted guitar rhythm wraps itself in a shroud of abrasive noise, igniting auditory rebellion.","Aggressive distorted guitar riffs merge with a whirlwind of noise, crafting a rebellious sound environment."
2ctgUIqyaBk.wav,guitar and percussion,A rhythmic guitar interplay with lively percussion energizes the room.,A bright guitar melody dances alongside dynamic percussion beats.,The harmonious blend of guitar strings and percussive rhythms creates an electrifying ambiance.,"Guitar strums and playful percussion create a festive, foot-tapping ensemble.","Expressive guitar riffs entwine with spirited percussion, producing a thrilling sonic journey."
2hgvuYGc95o.wav,harmonica solo,A soulful harmonica solo evoking sunset memories by the river.,An energetic harmonica solo that brings the blues to life.,"A mournful harmonica solo, echoing through empty streets and lonely hearts.",The harmonica sings a story of joy and sorrow with every breath.,A lively harmonica solo that makes your feet tap and your heart race.
2iFgXSXdqLo.wav,distorted electric guitar riff ,,,,,
2unse6chkMU.wav,calming piano and violin Music,A calming piano and violin duet that soothes the soul.,Gentle piano notes harmonize with a serene violin melody.,Peaceful piano and violin music that eases your mind.,Soft piano chords blend with a calming violin tune.,A tranquil piano and violin piece for a peaceful ambiance.
2xGRCsW6-Bk.wav,wooden percussive elements and electric guitar,,,,,
2xQuWif8axE.wav,fast-paced  aggressive electric guitar,A furious storm of electric strings unleashing relentless energy. , A thunderous electric guitar that demands your attention. , Pulsating riffs and raw power drive this electric explosion. , Electric strings ignite with feral speed and aggression. , Breakneck electric guitar that electrifies every nerve.
2zpITTJiw7Q.wav,synth-bass piano music ,A pulsing synth-bass piano duet that merges electronic groove with classical touch.,"A powerful synth-bass piano tune, blending urban rhythm and soulful melodies.",A mesmerizing synth-bass piano combo takes you on a futuristic musical journey.,"Synth-bass and piano harmonize, creating a symphony of modern beats and timeless beauty.","Electric synth-bass underpins the piano's ethereal melody, crafting a unique sonic palette."
31O2j4aAgYU.wav,solo guitar music with reverb,"1. A haunting solo guitar melody, enhanced by ambient reverb, fills the room with ethereal beauty. "," A soulful solo guitar with reverb, echoing like whispers in a cavern. "," The solo guitar, wrapped in lush reverb, creates an immersive, otherworldly soundscape. ", Layers of reverb transform a simple solo guitar into a rich audio tapestry. , Reverb-drenched solo guitar notes drift like mist through a forest at dawn.
31iD2VPLMxQ.wav,guitar  violin  and keyboard accompaniments,"1. A harmonious blend of guitar, violin, and keyboard melodies.","A soulful trio of guitar, violin, and keyboard.","Guitar, violin, and keyboard weave a beautiful symphony.","A captivating fusion of guitar, violin, and keyboard harmonies.","Enchanting guitar, violin, and keyboard create a musical tapestry."
3Nwsd439zmU.wav,harmonica and double bass,1. A soulful harmonica and double bass duet evoking a jazzy night.,"
2. Bluesy harmonica wails entwined with deep double bass grooves.","
3. Harmonica's mournful cry dances with the double bass's heartbeat.","
4. A lively harmonica paired with the resonant depth of double bass.","
5. Harmonica and double bass create a rich, timeless blues melody."
3OUNEL8XaR0.wav,violin  piano  harp  and wind instruments ,,,,,
3PuzzYmTDA4.wav,soft strings  mellow woodwinds  and low brass,Soft strings enchant as mellow woodwinds serenade and low brass grounds the melody.,"Delicate strings whisper, luscious woodwinds weave, and deep brass breaths anchor the harmony.","Strings dance gently, woodwinds meander smoothly, while brass adds a rich, deep resonance.","Tender strings caress, soft woodwinds sing, and the profound brass voice adds texture.","Strings flutter softly, woodwinds hum warmly, and resonant brass completes the symphony."
3TP1itJqv-E.wav,bagpipe performance with audience sounds,An exhilarating bagpipe performance echoing through the crowd's lively cheers.,The powerful bagpipe tunes blend seamlessly with the audience's enthusiastic applause.,"Bagpipes wail with fervor, resonating through the waves of crowd excitement.","Traditional bagpipe melodies electrify the air, met with an audience's spirited reactions.",The soulful bagpipe performance is magnified by the audience's resonant cheers and claps.
3TQmts_MxyQ.wav,piano  bass guitar  and acoustic drums,"A harmonious blend of piano, bass guitar, and acoustic drums, creating a soulful rhythm.","A lively trio of piano, bass guitar, and acoustic drums, delivering an upbeat tune.","The piano, bass guitar, and acoustic drums unite for a dynamic, rhythmic performance.","A gentle fusion of piano, bass guitar, and acoustic drums, evoking deep emotions.","Piano, bass guitar, and acoustic drums combine to craft a vibrant, energetic sound."
3ZyuBJEbmJM.wav,syncopated bass rhythm,,,,,
3e6GleQ9sl0.wav,violin and harp music.,"A harmonious violin and harp duet, echoing through a moonlit forest.","A gentle dance between violin and harp, their melodies intertwining gracefully.","Violin's sorrowful cry tempered by the harp's soothing whispers, a tale of love and loss.",The delicate harp strings cradle the violin's lilting melodies in an ethereal embrace.,"A passionate dialogue of violin and harp, their notes painting a vivid sonic landscape."
3gh1oldZ7Zc.wav,acoustic guitar and wind instrument music,A gentle acoustic guitar and wind instrument duet evoking a serene twilight by the lake.,An acoustic guitar blending perfectly with the haunting melody of a wind instrument.,"Acoustic guitar strings mingling with the wind's whisper, creating a symphony of nature's lullaby.","A harmonious dance between the acoustic guitar and wind instruments, bringing to life a tranquil landscape.",An acoustic guitar and wind ensemble with notes that float like a cool breeze on a summer day.
3m-a805cVl0.wav,simple  mono acoustic guitar melody tutorial,A gentle acoustic guitar tutorial that guides you through a beautiful melody step-by-step. ," Learn a heartwarming acoustic guitar tune, perfect for quiet evenings. "," A serene mono acoustic guitar tutorial, teaching melody with clarity and charm. "," Soft and simple, this acoustic guitar tutorial makes learning a melody a joy. ", Unveil the magic of a mono acoustic guitar with this easy-to-follow melody tutorial.
3rvqiSZB4pA.wav,keyboard  synth bass  and acoustic drums,"A fusion of keyboard synth bass and acoustic drums, creating a groovy party atmosphere.","Keyboard synth bass drives the rhythm, complemented by dynamic acoustic drums.",Melodic synth bass on the keyboard dances with the earthy tones of acoustic drums.,"The rich synth bass pulses from the keyboard, perfectly amplified by live acoustic drum beats.",An energetic keyboard synth bass harmonizes seamlessly with spirited acoustic drums.
3w3fD54bNvU.wav,guitar solos and ambient room noises,Whispers of guitar solos layered over the gentle hum of a serene room ambience.,"Guitar solos ripple through the ambient room, creating a symphony of calm and chaos.","Ambient room noises blend with guitar solos, forming a tapestry of sound that soothes the soul.","Haunting guitar solos dance with the subtle hum of the room's ambiance, painting an audible masterpiece.","Melancholic guitar solos interlace with the quiet murmur of room noises, crafting an intimate soundscape."
3zIQTDfS4Hk.wav,an emotional exotic tropical steel drum ,A captivating steel drum melody that evokes warmth and vibrant colors of a tropical paradise.,An emotional steel drum tune bringing distant tropical shores closer to the heart.,"Steel drum notes flow like a tropical breeze, carrying heartfelt emotions.",Exotic steel drum rhythms blend joy and sorrow in a tropical dance of feelings.,"The steel drum resonates deeply, conjuring vivid images of an emotional tropical journey."
40i3_JH6FYw.wav,overdriven electric guitar,"An overdriven electric guitar bursts with raw, unfiltered power, electrifying the room.","The overdriven electric guitar growls with a fierce, rebellious spirit, shaking your core.","An overdriven electric guitar howls, its distorted notes blazing through the air like wild fire.","Explosive and aggressive, the overdriven electric guitar slashes through the silence with a sonic roar.","The overdriven electric guitar's jagged edge cuts through the melody, a thrilling surge of energy."
42QgE4mM55I.wav,digital drums and synth sounds ,The pulsating beat of digital drums melds seamlessly with ethereal synth sounds.,Energetic digital drums drive the synth's dreamy ambiance.,Vibrant digital drums pulse alongside shimmering synth waves.,Digital drums form a rhythmic backbone for futuristic synth melodies.,"Throbbing digital drums entwine with lush, atmospheric synth tones."
45iNSkfzOwM.wav,piano music box and ambient factory sounds,"1. A delicate piano music box melody mixed with the gentle hum of an old factory's machinery.
","
2. The soft chimes of a piano music box blend seamlessly with the rhythmic clatter of factory gears.
","
3. Enchanting piano music box notes float above the ambient whirr of an industrial backdrop.
","
4. A piano music box tune dances with the soothing ambient sounds of a factory in motion.
","
5. Ethereal piano music box melodies meet the subtle, humming lullabies of a working factory."
